registrado_em_utc,registrado_em_manaus,estado,estado_hidrologico,qualidade_dados,v4_autorizada,score,sobreposicao_h,janela_inicio,janela_fim,core_ativas,cadeias_completas_validas,pares_validos_diagnosticos,motivo_registro
2026-10-05T00:58:24.469396+00:00,2026-10-04 20:58:24,observacao,observacao,ATUAL,true,,,,,2,0,2,primeiro_registro
2026-10-05T01:18:56.257362+00:00,2026-10-04 21:18:56,observacao,observacao,ATUAL,true,,,,,2,0,2,mudanca_janela
2026-10-05T01:47:30.897693+00:00,2026-10-04 21:47:30,observacao,observacao,ATUAL,true,,,,,2,0,2,mudanca_janela
2026-10-05T02:20:03.132944+00:00,2026-10-04 22:20:03,observacao,observacao,ATUAL,true,,,,,2,0,2,mudanca_janela
2026-10-05T02:49:07.904884+00:00,2026-10-04 22:49:07,observacao,observacao,ATUAL,true,,,,,2,0,2,mudanca_janela
2026-10-05T03:21:34.126061+00:00,2026-10-04 23:21:34,observacao,observacao,ATUAL,true,,,,,2,0,2,mudanca_janela
2026-10-05T03:51:23.290804+00:00,2026-10-04 23:51:23,observacao,observacao,ATUAL,true,,,,,2,0,2,mudanca_janela
2026-10-05T04:21:42.265707+00:00,2026-10-05 00:21:42,observacao,observacao,ATUAL,true,,,,,2,0,2,mudanca_janela
2026-10-05T05:08:36.562971+00:00,2026-10-05 01:08:36,observacao,observacao,ATUAL,true,,,,,2,0,2,mudanca_janela
2026-10-05T05:51:18.724278+00:00,2026-10-05 01:51:18,observacao,observacao,ATUAL,true,,,,,2,0,2,mudanca_janela
2026-10-05T06:29:18.496613+00:00,2026-10-05 02:29:18,observacao,observacao,ATUAL,true,,,,,2,0,2,mudanca_janela
2026-10-05T06:57:11.163948+00:00,2026-10-05 02:57:11,observacao,observacao,ATUAL,true,,,,,2,0,2,mudanca_janela
2026-10-05T07:26:38.771929+00:00,2026-10-05 03:26:38,observacao,observacao,ATUAL,true,,,,,2,0,2,mudanca_janela
2026-10-05T07:50:32.832666+00:00,2026-10-05 03:50:32,observacao,observacao,ATUAL,true,,,,,2,0,2,mudanca_janela
2026-10-05T08:22:22.528131+00:00,2026-10-05 04:22:22,observacao,observacao,ATUAL,true,,,,,2,0,2,mudanca_janela
2026-10-05T08:50:41.855708+00:00,2026-10-05 04:50:41,observacao,observacao,ATUAL,true,,,,,2,0,2,mudanca_janela
2026-10-05T09:23:25.131124+00:00,2026-10-05 05:23:25,observacao,observacao,ATUAL,true,,,,,2,0,2,mudanca_janela
2026-10-05T09:50:49.630685+00:00,2026-10-05 05:50:49,observacao,observacao,ATUAL,true,,,,,2,0,2,mudanca_janela
2026-10-05T10:24:20.831837+00:00,2026-10-05 06:24:20,observacao,observacao,ATUAL,true,,,,,2,0,2,mudanca_janela
2026-10-05T10:49:37.275086+00:00,2026-10-05 06:49:37,observacao,observacao,ATUAL,true,,,,,2,0,2,mudanca_janela
2026-10-05T11:20:45.435511+00:00,2026-10-05 07:20:45,observacao,observacao,ATUAL,true,,,,,2,0,2,mudanca_janela
2026-10-05T11:50:12.431622+00:00,2026-10-05 07:50:12,observacao,observacao,ATUAL,true,,,,,2,0,2,mudanca_janela
2026-10-05T12:26:18.532934+00:00,2026-10-05 08:26:18,observacao,observacao,ATUAL,true,,,,,2,0,2,mudanca_janela
2026-10-05T12:55:36.664654+00:00,2026-10-05 08:55:36,observacao,observacao,ATUAL,true,,,,,2,0,2,mudanca_janela
2026-10-05T13:24:58.663193+00:00,2026-10-05 09:24:58,observacao,observacao,ATUAL,true,,,,,2,0,2,mudanca_janela
2026-10-05T13:52:07.492268+00:00,2026-10-05 09:52:07,observacao,observacao,ATUAL,true,,,,,2,0,1,mudanca_janela
2026-10-05T14:24:33.403341+00:00,2026-10-05 10:24:33,observacao,observacao,ATUAL,true,,,,,2,0,1,mudanca_janela
2026-10-05T14:52:06.570390+00:00,2026-10-05 10:52:06,observacao,observacao,ATUAL,true,,,,,2,0,1,mudanca_janela
2026-10-05T15:22:41.587526+00:00,2026-10-05 11:22:41,observacao,observacao,ATUAL,true,,,,,2,0,1,mudanca_janela
2026-10-05T15:50:36.394488+00:00,2026-10-05 11:50:36,observacao,observacao,ATUAL,true,,,,,2,0,1,mudanca_janela
